LoanID,BookID,BorrowerID,DateBorrowed,DueDate,DateReturned
1,567,32,9/22/2023,10/6/2023,11/24/2023
2,788,45,10/22/2023,11/5/2023,
3,313,65,10/22/2023,11/5/2023,11/20/2023
4,295,25,11/6/2023,11/20/2023,
5,489,67,10/16/2023,10/30/2023,11/19/2023
6,774,65,10/23/2023,11/6/2023,
7,167,56,10/5/2023,10/19/2023,12/1/2023
8,420,65,10/3/2023,10/17/2023,
9,793,60,10/21/2023,11/4/2023,
10,462,89,11/10/2023,11/24/2023,
11,828,37,9/13/2023,9/27/2023,11/5/2023
12,863,86,10/4/2023,10/18/2023,
13,304,71,9/23/2023,10/7/2023,10/8/2023
14,364,72,9/19/2023,10/3/2023,10/3/2023
15,800,74,9/4/2023,9/18/2023,10/12/2023
16,990,54,11/7/2023,11/21/2023,
17,362,84,9/5/2023,9/19/2023,9/29/2023
18,579,17,11/12/2023,11/26/2023,
19,55,69,11/19/2023,12/3/2023,
20,845,99,10/16/2023,10/30/2023,12/4/2023
21,149,41,9/2/2023,9/16/2023,10/16/2023
22,266,29,10/7/2023,10/21/2023,
23,132,13,9/8/2023,9/22/2023,10/15/2023
24,367,91,10/21/2023,11/4/2023,
25,204,38,9/22/2023,10/6/2023,10/19/2023
26,670,89,9/21/2023,10/5/2023,11/20/2023
27,420,54,10/1/2023,10/15/2023,11/21/2023
28,667,14,10/12/2023,10/26/2023,12/4/2023
29,971,87,11/20/2023,12/4/2023,
30,933,20,11/23/2023,12/7/2023,
31,968,93,9/16/2023,9/30/2023,10/26/2023
32,68,17,11/19/2023,12/3/2023,
33,633,89,9/7/2023,9/21/2023,10/25/2023
34,299,97,9/6/2023,9/20/2023,10/16/2023
35,456,33,9/13/2023,9/27/2023,10/27/2023
36,865,86,9/2/2023,9/16/2023,10/9/2023
37,495,80,11/2/2023,11/16/2023,
38,31,18,10/12/2023,10/26/2023,11/13/2023
39,877,56,11/17/2023,12/1/2023,
40,317,90,9/6/2023,9/20/2023,10/25/2023
41,99,32,11/18/2023,12/2/2023,
42,478,76,10/7/2023,10/21/2023,12/6/2023
43,203,92,11/17/2023,12/1/2023,
44,528,91,10/8/2023,10/22/2023,12/6/2023
45,968,6,10/15/2023,10/29/2023,
46,409,85,10/23/2023,11/6/2023,12/20/2023
47,125,62,11/19/2023,12/3/2023,
48,177,87,11/6/2023,11/20/2023,
49,609,25,11/2/2023,11/16/2023,
50,681,50,9/6/2023,9/20/2023,10/23/2023
51,258,17,11/11/2023,11/25/2023,
52,529,56,9/9/2023,9/23/2023,10/22/2023
53,851,33,11/24/2023,12/8/2023,
54,445,1,10/2/2023,10/16/2023,11/29/2023
55,513,93,11/21/2023,12/5/2023,
56,885,99,11/24/2023,12/8/2023,
57,185,69,9/7/2023,9/21/2023,10/5/2023
58,302,83,9/21/2023,10/5/2023,11/24/2023
59,974,61,11/16/2023,11/30/2023,
60,425,55,9/14/2023,9/28/2023,11/11/2023
61,846,4,11/13/2023,11/27/2023,
62,989,46,11/14/2023,11/28/2023,
63,467,2,9/5/2023,9/19/2023,10/6/2023
64,217,92,10/2/2023,10/16/2023,11/30/2023
65,499,64,11/15/2023,11/29/2023,
66,803,63,9/11/2023,9/25/2023,10/21/2023
67,788,97,11/1/2023,11/15/2023,
68,691,70,10/25/2023,11/8/2023,
69,489,8,10/2/2023,10/16/2023,10/23/2023
70,103,100,11/9/2023,11/23/2023,
71,463,91,10/5/2023,10/19/2023,
72,667,50,9/23/2023,10/7/2023,11/11/2023
73,877,5,9/3/2023,9/17/2023,9/25/2023
74,449,41,10/22/2023,11/5/2023,
75,495,62,11/16/2023,11/30/2023,
76,776,65,11/24/2023,12/8/2023,
77,329,63,10/1/2023,10/15/2023,
78,34,73,10/15/2023,10/29/2023,
79,141,91,11/3/2023,11/17/2023,
80,418,4,11/7/2023,11/21/2023,
81,308,68,10/9/2023,10/23/2023,
82,619,81,10/5/2023,10/19/2023,11/15/2023
83,228,87,9/22/2023,10/6/2023,10/7/2023
84,599,85,10/15/2023,10/29/2023,
85,754,38,10/25/2023,11/8/2023,
86,672,77,9/11/2023,9/25/2023,11/4/2023
87,718,63,11/1/2023,11/15/2023,
88,934,30,11/4/2023,11/18/2023,
89,563,8,10/13/2023,10/27/2023,11/30/2023
90,525,59,11/11/2023,11/25/2023,
91,317,27,9/23/2023,10/7/2023,11/16/2023
92,217,98,10/7/2023,10/21/2023,
93,418,66,11/10/2023,11/24/2023,
94,988,19,11/19/2023,12/3/2023,
95,322,8,10/1/2023,10/15/2023,
96,583,37,11/6/2023,11/20/2023,
97,355,21,10/22/2023,11/5/2023,
98,508,29,9/22/2023,10/6/2023,11/12/2023
99,489,100,9/11/2023,9/25/2023,11/14/2023
100,376,3,10/14/2023,10/28/2023,11/23/2023
101,63,1,10/15/2023,10/29/2023,
102,656,2,11/21/2023,12/5/2023,
103,170,4,10/19/2023,11/2/2023,11/26/2023
104,677,1,11/17/2023,12/1/2023,
105,318,2,10/6/2023,10/20/2023,11/27/2023
106,527,1,9/23/2023,10/7/2023,11/7/2023
107,633,3,10/13/2023,10/27/2023,11/30/2023
108,963,1,9/3/2023,9/17/2023,10/23/2023
109,823,5,10/17/2023,10/31/2023,12/16/2023
110,261,10,10/12/2023,10/26/2023,
111,292,10,11/18/2023,12/2/2023,
112,988,2,11/13/2023,11/27/2023,
113,76,9,11/5/2023,11/19/2023,
114,958,9,10/8/2023,10/22/2023,12/9/2023
115,378,10,10/16/2023,10/30/2023,
116,505,4,10/16/2023,10/30/2023,
117,215,1,10/9/2023,10/23/2023,12/2/2023
118,710,5,11/2/2023,11/16/2023,
119,39,5,10/2/2023,10/16/2023,11/16/2023
120,462,7,11/2/2023,11/16/2023,
121,407,9,10/15/2023,10/29/2023,12/17/2023
122,303,8,9/15/2023,9/29/2023,10/17/2023
123,132,10,9/13/2023,9/27/2023,10/2/2023
124,727,9,9/3/2023,9/17/2023,10/28/2023
125,623,4,10/15/2023,10/29/2023,12/5/2023
126,769,1,9/19/2023,10/3/2023,11/20/2023
127,916,8,9/4/2023,9/18/2023,11/3/2023
128,616,2,10/14/2023,10/28/2023,12/1/2023
129,471,6,10/11/2023,10/25/2023,
130,93,8,10/6/2023,10/20/2023,11/27/2023
131,992,9,10/8/2023,10/22/2023,
132,317,6,9/3/2023,9/17/2023,9/19/2023
133,729,10,10/20/2023,11/3/2023,12/12/2023
134,789,2,11/3/2023,11/17/2023,
135,178,1,9/23/2023,10/7/2023,10/23/2023
136,991,3,11/4/2023,11/18/2023,
137,579,7,9/16/2023,9/30/2023,11/8/2023
138,853,6,10/9/2023,10/23/2023,11/30/2023
139,459,9,9/9/2023,9/23/2023,10/19/2023
140,630,9,9/17/2023,10/1/2023,11/19/2023
141,983,5,10/23/2023,11/6/2023,
142,616,7,9/4/2023,9/18/2023,10/7/2023
143,806,5,9/8/2023,9/22/2023,10/24/2023
144,77,9,11/13/2023,11/27/2023,
145,272,3,11/22/2023,12/6/2023,
146,952,6,10/12/2023,10/26/2023,12/2/2023
147,312,8,10/19/2023,11/2/2023,
148,177,1,11/23/2023,12/7/2023,
149,544,9,10/23/2023,11/6/2023,
150,41,2,9/13/2023,9/27/2023,11/11/2023
151,846,3,9/25/2023,10/9/2023,
152,588,2,10/3/2023,10/17/2023,11/8/2023
153,916,10,10/16/2023,10/30/2023,
154,753,1,9/14/2023,9/28/2023,10/28/2023
155,733,10,10/7/2023,10/21/2023,
156,245,9,11/19/2023,12/3/2023,
157,718,8,9/13/2023,9/27/2023,11/11/2023
158,658,2,10/9/2023,10/23/2023,
159,274,3,9/10/2023,9/24/2023,11/12/2023
160,2,9,11/24/2023,12/8/2023,
161,357,10,11/25/2023,12/9/2023,
162,973,3,11/4/2023,11/18/2023,
163,139,2,11/15/2023,11/29/2023,
164,572,9,11/10/2023,11/24/2023,
165,904,2,10/14/2023,10/28/2023,12/9/2023
166,321,2,9/16/2023,9/30/2023,10/1/2023
167,443,9,9/15/2023,9/29/2023,10/8/2023
168,922,5,10/19/2023,11/2/2023,
169,917,7,11/15/2023,11/29/2023,
170,769,6,11/1/2023,11/15/2023,
171,584,4,10/21/2023,11/4/2023,
172,948,7,9/5/2023,9/19/2023,10/23/2023
173,982,9,11/13/2023,11/27/2023,
174,371,10,10/18/2023,11/1/2023,11/21/2023
175,365,2,11/18/2023,12/2/2023,
176,330,5,9/1/2023,9/15/2023,10/24/2023
177,853,1,9/25/2023,10/9/2023,
178,375,6,11/23/2023,12/7/2023,
179,457,5,11/9/2023,11/23/2023,
180,358,7,10/5/2023,10/19/2023,
181,179,8,10/25/2023,11/8/2023,12/13/2023
182,884,2,9/9/2023,9/23/2023,9/24/2023
183,578,5,10/22/2023,11/5/2023,11/18/2023
184,624,6,11/22/2023,12/6/2023,
185,740,3,9/6/2023,9/20/2023,10/19/2023
186,728,2,9/9/2023,9/23/2023,10/4/2023
187,327,8,11/13/2023,11/27/2023,
188,577,7,9/8/2023,9/22/2023,11/9/2023
189,558,6,9/14/2023,9/28/2023,11/7/2023
190,971,1,10/20/2023,11/3/2023,
191,699,7,11/24/2023,12/8/2023,
192,294,1,9/21/2023,10/5/2023,10/26/2023
193,939,9,11/12/2023,11/26/2023,
194,446,8,10/10/2023,10/24/2023,
195,853,7,11/14/2023,11/28/2023,
196,473,8,10/22/2023,11/5/2023,12/13/2023
197,955,4,9/8/2023,9/22/2023,10/11/2023
198,221,9,9/3/2023,9/17/2023,9/28/2023
199,340,6,11/5/2023,11/19/2023,
200,720,832,9/7/2023,9/21/2023,10/23/2023
201,976,693,10/20/2023,11/3/2023,
202,837,372,11/4/2023,11/18/2023,
203,274,575,9/12/2023,9/26/2023,10/19/2023
204,538,250,9/4/2023,9/18/2023,10/20/2023
205,224,134,11/13/2023,11/27/2023,
206,253,501,9/4/2023,9/18/2023,9/22/2023
207,313,621,11/18/2023,12/2/2023,
208,94,230,10/15/2023,10/29/2023,12/1/2023
209,804,599,11/12/2023,11/26/2023,
210,832,924,9/24/2023,10/8/2023,11/24/2023
211,169,371,9/10/2023,9/24/2023,10/6/2023
212,838,395,11/14/2023,11/28/2023,
213,633,643,11/25/2023,12/9/2023,
214,137,854,10/25/2023,11/8/2023,
215,121,530,11/2/2023,11/16/2023,12/4/2023
216,651,652,10/18/2023,11/1/2023,
217,372,505,9/15/2023,9/29/2023,10/10/2023
218,372,33,11/8/2023,11/22/2023,
219,34,200,10/17/2023,10/31/2023,
220,396,921,10/22/2023,11/5/2023,
221,612,414,10/6/2023,10/20/2023,11/25/2023
222,318,493,9/18/2023,10/2/2023,11/14/2023
223,779,741,11/14/2023,11/28/2023,
224,241,326,10/6/2023,10/20/2023,11/21/2023
225,223,688,10/22/2023,11/5/2023,
226,85,279,10/9/2023,10/23/2023,
227,481,185,11/15/2023,11/29/2023,
228,736,13,11/19/2023,12/3/2023,
229,487,9,11/22/2023,12/6/2023,
230,228,512,9/20/2023,10/4/2023,10/16/2023
231,820,416,10/10/2023,10/24/2023,11/12/2023
232,923,488,9/10/2023,9/24/2023,10/26/2023
233,356,584,10/5/2023,10/19/2023,11/22/2023
234,485,395,9/17/2023,10/1/2023,10/16/2023
235,284,656,11/2/2023,11/16/2023,11/28/2023
236,771,421,9/24/2023,10/8/2023,10/23/2023
237,471,14,11/12/2023,11/26/2023,
238,880,265,11/24/2023,12/8/2023,
239,265,567,10/15/2023,10/29/2023,12/18/2023
240,599,829,10/5/2023,10/19/2023,10/22/2023
241,897,569,11/25/2023,12/9/2023,
242,571,170,9/24/2023,10/8/2023,
243,399,139,9/21/2023,10/5/2023,10/31/2023
244,466,389,11/6/2023,11/20/2023,
245,530,863,10/13/2023,10/27/2023,
246,23,711,11/21/2023,12/5/2023,
247,740,497,10/23/2023,11/6/2023,
248,601,347,11/15/2023,11/29/2023,
249,2,437,11/13/2023,11/27/2023,
250,705,355,11/16/2023,11/30/2023,
251,632,837,10/1/2023,10/15/2023,
252,584,830,9/2/2023,9/16/2023,10/22/2023
253,667,915,10/7/2023,10/21/2023,10/22/2023
254,785,111,10/8/2023,10/22/2023,
255,163,431,9/20/2023,10/4/2023,10/25/2023
256,528,986,10/2/2023,10/16/2023,10/24/2023
257,38,21,11/19/2023,12/3/2023,
258,599,333,10/24/2023,11/7/2023,
259,973,84,10/5/2023,10/19/2023,
260,849,611,11/7/2023,11/21/2023,
261,42,649,11/14/2023,11/28/2023,
262,888,126,10/5/2023,10/19/2023,
263,86,162,10/23/2023,11/6/2023,11/23/2023
264,713,501,9/19/2023,10/3/2023,10/9/2023
265,880,811,10/23/2023,11/6/2023,
266,60,385,10/21/2023,11/4/2023,
267,75,440,11/19/2023,12/3/2023,
268,600,637,10/22/2023,11/5/2023,
269,441,844,11/16/2023,11/30/2023,
270,934,953,10/13/2023,10/27/2023,
271,791,783,10/10/2023,10/24/2023,11/16/2023
272,862,940,10/25/2023,11/8/2023,
273,722,456,11/16/2023,11/30/2023,
274,487,999,10/19/2023,11/2/2023,11/27/2023
275,588,518,9/4/2023,9/18/2023,9/24/2023
276,229,189,10/16/2023,10/30/2023,10/30/2023
277,583,158,9/2/2023,9/16/2023,10/3/2023
278,112,734,10/24/2023,11/7/2023,
279,829,895,10/23/2023,11/6/2023,
280,283,982,9/2/2023,9/16/2023,10/22/2023
281,351,761,11/7/2023,11/21/2023,
282,170,342,11/18/2023,12/2/2023,
283,754,554,10/17/2023,10/31/2023,
284,863,153,10/21/2023,11/4/2023,
285,844,460,9/11/2023,9/25/2023,11/2/2023
286,368,775,10/13/2023,10/27/2023,11/7/2023
287,860,776,11/25/2023,12/9/2023,
288,442,148,11/11/2023,11/25/2023,
289,308,474,9/7/2023,9/21/2023,9/28/2023
290,192,273,9/20/2023,10/4/2023,10/8/2023
291,266,698,9/7/2023,9/21/2023,10/28/2023
292,905,212,10/5/2023,10/19/2023,10/22/2023
293,458,553,9/12/2023,9/26/2023,10/15/2023
294,353,504,10/7/2023,10/21/2023,11/26/2023
295,635,936,10/4/2023,10/18/2023,11/27/2023
296,217,149,10/13/2023,10/27/2023,10/30/2023
297,397,264,11/8/2023,11/22/2023,
298,591,625,10/13/2023,10/27/2023,11/8/2023
299,143,258,11/6/2023,11/20/2023,
300,454,237,11/11/2023,11/25/2023,
301,138,992,9/21/2023,10/5/2023,10/15/2023
302,951,865,9/6/2023,9/20/2023,11/9/2023
303,254,523,10/11/2023,10/25/2023,
304,165,458,9/25/2023,10/9/2023,11/11/2023
305,779,874,9/17/2023,10/1/2023,11/19/2023
306,241,440,11/24/2023,12/8/2023,
307,160,234,10/2/2023,10/16/2023,10/21/2023
308,875,583,9/22/2023,10/6/2023,11/19/2023
309,169,796,9/15/2023,9/29/2023,11/7/2023
310,895,86,11/14/2023,11/28/2023,
311,149,601,10/15/2023,10/29/2023,11/7/2023
312,266,348,10/9/2023,10/23/2023,
313,952,430,9/14/2023,9/28/2023,10/16/2023
314,883,580,11/10/2023,11/24/2023,
315,801,780,11/16/2023,11/30/2023,
316,347,549,9/1/2023,9/15/2023,10/5/2023
317,533,223,11/23/2023,12/7/2023,
318,731,309,10/8/2023,10/22/2023,11/11/2023
319,664,670,10/23/2023,11/6/2023,
320,438,623,9/4/2023,9/18/2023,9/27/2023
321,964,624,10/14/2023,10/28/2023,12/5/2023
322,276,387,10/20/2023,11/3/2023,11/29/2023
323,734,860,10/8/2023,10/22/2023,11/22/2023
324,452,990,9/12/2023,9/26/2023,11/7/2023
325,911,450,9/15/2023,9/29/2023,10/30/2023
326,595,642,9/5/2023,9/19/2023,9/25/2023
327,822,727,9/19/2023,10/3/2023,10/3/2023
328,466,467,11/7/2023,11/21/2023,
329,651,232,9/25/2023,10/9/2023,
330,210,975,9/7/2023,9/21/2023,11/3/2023
331,25,582,11/10/2023,11/24/2023,
332,986,20,11/1/2023,11/15/2023,
333,788,493,11/21/2023,12/5/2023,
334,603,840,9/5/2023,9/19/2023,10/17/2023
335,149,944,9/22/2023,10/6/2023,10/17/2023
336,426,369,11/21/2023,12/5/2023,
337,108,446,11/12/2023,11/26/2023,
338,527,501,9/18/2023,10/2/2023,11/20/2023
339,417,801,9/17/2023,10/1/2023,10/27/2023
340,654,140,10/18/2023,11/1/2023,
341,425,905,10/13/2023,10/27/2023,11/6/2023
342,106,991,9/1/2023,9/15/2023,10/31/2023
343,534,641,9/7/2023,9/21/2023,11/7/2023
344,43,988,10/1/2023,10/15/2023,
345,556,544,9/16/2023,9/30/2023,10/10/2023
346,1000,193,11/18/2023,12/2/2023,
347,725,976,9/23/2023,10/7/2023,10/19/2023
348,567,53,10/7/2023,10/21/2023,12/10/2023
349,726,376,11/6/2023,11/20/2023,
350,867,468,11/14/2023,11/28/2023,
351,676,837,10/20/2023,11/3/2023,
352,528,658,10/9/2023,10/23/2023,
353,873,244,9/15/2023,9/29/2023,10/2/2023
354,795,453,9/4/2023,9/18/2023,10/27/2023
355,297,257,11/18/2023,12/2/2023,
356,56,777,9/4/2023,9/18/2023,9/30/2023
357,879,834,9/16/2023,9/30/2023,10/2/2023
358,431,814,10/6/2023,10/20/2023,12/1/2023
359,614,760,11/20/2023,12/4/2023,
360,494,19,9/15/2023,9/29/2023,11/11/2023
361,158,856,10/24/2023,11/7/2023,12/25/2023
362,365,242,9/10/2023,9/24/2023,10/28/2023
363,655,512,11/25/2023,12/9/2023,
364,535,336,10/16/2023,10/30/2023,11/13/2023
365,47,44,9/23/2023,10/7/2023,11/1/2023
366,465,480,9/15/2023,9/29/2023,11/11/2023
367,757,707,11/15/2023,11/29/2023,
368,244,268,10/4/2023,10/18/2023,11/17/2023
369,148,116,10/12/2023,10/26/2023,12/15/2023
370,872,611,9/25/2023,10/9/2023,10/15/2023
371,511,899,9/19/2023,10/3/2023,10/29/2023
372,826,245,9/1/2023,9/15/2023,9/24/2023
373,380,967,10/25/2023,11/8/2023,11/30/2023
374,911,126,9/9/2023,9/23/2023,10/8/2023
375,156,668,10/3/2023,10/17/2023,12/6/2023
376,238,261,9/12/2023,9/26/2023,10/24/2023
377,242,170,10/22/2023,11/5/2023,11/25/2023
378,895,826,11/21/2023,12/5/2023,
379,476,594,10/9/2023,10/23/2023,11/15/2023
380,799,468,10/17/2023,10/31/2023,
381,177,374,10/14/2023,10/28/2023,
382,15,805,10/4/2023,10/18/2023,11/28/2023
383,520,662,9/9/2023,9/23/2023,11/2/2023
384,408,805,11/5/2023,11/19/2023,
385,63,205,10/9/2023,10/23/2023,
386,21,357,9/22/2023,10/6/2023,10/19/2023
387,987,600,9/24/2023,10/8/2023,
388,185,468,9/9/2023,9/23/2023,10/17/2023
389,710,541,11/2/2023,11/16/2023,12/9/2023
390,7,217,11/6/2023,11/20/2023,
391,815,307,11/19/2023,12/3/2023,
392,144,202,9/21/2023,10/5/2023,11/3/2023
393,619,146,11/18/2023,12/2/2023,
394,831,4,10/20/2023,11/3/2023,12/23/2023
395,121,182,9/20/2023,10/4/2023,11/11/2023
396,159,791,11/22/2023,12/6/2023,
397,567,646,11/22/2023,12/6/2023,
398,748,22,9/2/2023,9/16/2023,10/5/2023
399,775,383,11/11/2023,11/25/2023,
400,162,134,11/1/2023,11/15/2023,
401,618,985,9/1/2023,9/15/2023,9/25/2023
402,845,38,11/22/2023,12/6/2023,
403,983,865,10/2/2023,10/16/2023,11/9/2023
404,998,421,11/19/2023,12/3/2023,
405,508,588,9/21/2023,10/5/2023,11/10/2023
406,364,570,11/15/2023,11/29/2023,
407,590,720,10/25/2023,11/8/2023,11/26/2023
408,607,731,9/10/2023,9/24/2023,9/29/2023
409,622,585,10/15/2023,10/29/2023,
410,635,518,10/17/2023,10/31/2023,11/3/2023
411,619,646,11/24/2023,12/8/2023,
412,202,326,11/13/2023,11/27/2023,
413,375,610,9/17/2023,10/1/2023,10/8/2023
414,222,290,11/14/2023,11/28/2023,
415,263,75,11/24/2023,12/8/2023,
416,104,443,10/2/2023,10/16/2023,11/6/2023
417,381,24,11/7/2023,11/21/2023,
418,170,73,10/10/2023,10/24/2023,11/10/2023
419,661,381,11/22/2023,12/6/2023,
420,968,713,11/6/2023,11/20/2023,
421,188,957,9/18/2023,10/2/2023,10/19/2023
422,361,123,11/2/2023,11/16/2023,
423,822,795,10/18/2023,11/1/2023,
424,391,77,9/20/2023,10/4/2023,11/4/2023
425,303,761,10/13/2023,10/27/2023,11/17/2023
426,591,934,10/6/2023,10/20/2023,12/4/2023
427,100,793,10/8/2023,10/22/2023,
428,823,690,9/10/2023,9/24/2023,10/31/2023
429,562,435,11/11/2023,11/25/2023,
430,66,728,9/18/2023,10/2/2023,10/18/2023
431,32,523,10/12/2023,10/26/2023,
432,560,529,10/4/2023,10/18/2023,11/12/2023
433,37,713,11/1/2023,11/15/2023,
434,281,390,9/12/2023,9/26/2023,9/30/2023
435,388,81,10/11/2023,10/25/2023,11/11/2023
436,899,468,10/7/2023,10/21/2023,11/4/2023
437,244,985,9/9/2023,9/23/2023,10/23/2023
438,652,871,10/12/2023,10/26/2023,
439,882,765,10/3/2023,10/17/2023,
440,185,113,11/6/2023,11/20/2023,12/11/2023
441,439,433,9/21/2023,10/5/2023,10/8/2023
442,114,265,11/17/2023,12/1/2023,
443,250,549,10/9/2023,10/23/2023,10/25/2023
444,14,901,11/8/2023,11/22/2023,
445,281,420,9/13/2023,9/27/2023,11/13/2023
446,33,13,9/25/2023,10/9/2023,10/28/2023
447,607,705,10/3/2023,10/17/2023,
448,423,857,11/21/2023,12/5/2023,
449,317,351,10/15/2023,10/29/2023,10/31/2023
450,491,352,9/2/2023,9/16/2023,10/2/2023
451,242,781,9/25/2023,10/9/2023,
452,612,90,10/2/2023,10/16/2023,11/5/2023
453,351,92,11/19/2023,12/3/2023,
454,987,55,10/6/2023,10/20/2023,11/7/2023
455,44,907,10/13/2023,10/27/2023,
456,330,882,11/2/2023,11/16/2023,12/23/2023
457,576,720,9/14/2023,9/28/2023,11/10/2023
458,743,693,10/22/2023,11/5/2023,
459,243,519,10/5/2023,10/19/2023,12/7/2023
460,946,277,9/5/2023,9/19/2023,10/13/2023
461,93,239,10/25/2023,11/8/2023,
462,877,380,11/6/2023,11/20/2023,
463,572,675,10/19/2023,11/2/2023,11/20/2023
464,675,757,10/4/2023,10/18/2023,12/6/2023
465,263,754,9/20/2023,10/4/2023,10/18/2023
466,20,558,10/20/2023,11/3/2023,11/11/2023
467,445,298,11/25/2023,12/9/2023,
468,832,140,10/24/2023,11/7/2023,11/19/2023
469,21,840,9/16/2023,9/30/2023,11/17/2023
470,792,102,9/17/2023,10/1/2023,10/4/2023
471,890,965,11/4/2023,11/18/2023,
472,975,934,10/12/2023,10/26/2023,12/9/2023
473,469,818,9/21/2023,10/5/2023,10/11/2023
474,4,977,9/3/2023,9/17/2023,10/29/2023
475,932,649,11/21/2023,12/5/2023,
476,873,587,9/24/2023,10/8/2023,
477,801,380,11/15/2023,11/29/2023,
478,464,219,11/4/2023,11/18/2023,
479,559,629,10/9/2023,10/23/2023,
480,748,864,11/4/2023,11/18/2023,
481,562,208,10/24/2023,11/7/2023,
482,335,854,9/19/2023,10/3/2023,10/4/2023
483,943,879,11/18/2023,12/2/2023,
484,761,789,10/8/2023,10/22/2023,12/4/2023
485,899,545,11/16/2023,11/30/2023,
486,88,690,9/21/2023,10/5/2023,11/5/2023
487,388,96,10/16/2023,10/30/2023,
488,840,904,9/23/2023,10/7/2023,11/2/2023
489,202,99,9/25/2023,10/9/2023,10/27/2023
490,199,421,10/17/2023,10/31/2023,
491,769,408,10/22/2023,11/5/2023,
492,265,968,10/25/2023,11/8/2023,
493,67,298,10/19/2023,11/2/2023,
494,239,732,11/3/2023,11/17/2023,
495,771,253,9/25/2023,10/9/2023,
496,351,561,10/20/2023,11/3/2023,12/17/2023
497,432,998,11/20/2023,12/4/2023,
498,921,569,10/18/2023,11/1/2023,11/8/2023
499,185,170,11/3/2023,11/17/2023,
500,821,251,9/18/2023,10/2/2023,10/30/2023
501,550,772,9/6/2023,9/20/2023,10/12/2023
502,816,780,10/9/2023,10/23/2023,
503,780,498,11/13/2023,11/27/2023,
504,489,105,10/1/2023,10/15/2023,10/18/2023
505,677,696,10/8/2023,10/22/2023,
506,348,696,9/22/2023,10/6/2023,11/11/2023
507,16,989,10/3/2023,10/17/2023,11/19/2023
508,227,429,10/22/2023,11/5/2023,
509,1,788,11/9/2023,11/23/2023,
510,26,369,10/1/2023,10/15/2023,
511,718,317,10/25/2023,11/8/2023,11/17/2023
512,316,282,10/9/2023,10/23/2023,11/14/2023
513,411,827,9/11/2023,9/25/2023,11/12/2023
514,90,140,9/6/2023,9/20/2023,10/11/2023
515,728,781,10/9/2023,10/23/2023,11/13/2023
516,241,220,10/11/2023,10/25/2023,12/3/2023
517,874,134,11/15/2023,11/29/2023,
518,15,299,9/4/2023,9/18/2023,10/30/2023
519,993,230,10/3/2023,10/17/2023,11/13/2023
520,503,40,10/4/2023,10/18/2023,11/29/2023
521,966,182,11/1/2023,11/15/2023,
522,250,597,10/25/2023,11/8/2023,
523,184,284,9/3/2023,9/17/2023,10/6/2023
524,227,688,9/16/2023,9/30/2023,11/6/2023
525,88,635,9/8/2023,9/22/2023,9/26/2023
526,409,318,11/22/2023,12/6/2023,
527,276,931,9/1/2023,9/15/2023,9/24/2023
528,287,829,10/19/2023,11/2/2023,11/6/2023
529,640,593,10/6/2023,10/20/2023,11/27/2023
530,588,914,9/16/2023,9/30/2023,10/24/2023
531,635,583,9/4/2023,9/18/2023,11/2/2023
532,191,872,10/16/2023,10/30/2023,
533,830,304,10/25/2023,11/8/2023,
534,583,964,11/13/2023,11/27/2023,
535,387,964,10/10/2023,10/24/2023,10/28/2023
536,343,525,9/4/2023,9/18/2023,10/19/2023
537,688,341,9/18/2023,10/2/2023,10/26/2023
538,471,475,11/3/2023,11/17/2023,
539,142,734,10/2/2023,10/16/2023,11/4/2023
540,433,921,10/25/2023,11/8/2023,
541,387,685,11/9/2023,11/23/2023,
542,854,739,11/8/2023,11/22/2023,
543,539,175,10/19/2023,11/2/2023,11/2/2023
544,99,339,11/19/2023,12/3/2023,
545,620,652,9/22/2023,10/6/2023,10/17/2023
546,595,11,9/21/2023,10/5/2023,10/24/2023
547,429,220,9/17/2023,10/1/2023,10/17/2023
548,951,2,9/12/2023,9/26/2023,10/25/2023
549,265,354,10/7/2023,10/21/2023,10/28/2023
550,322,469,10/10/2023,10/24/2023,
551,32,893,11/3/2023,11/17/2023,
552,611,667,11/12/2023,11/26/2023,
553,997,554,10/4/2023,10/18/2023,11/10/2023
554,60,80,10/23/2023,11/6/2023,
555,547,221,10/21/2023,11/4/2023,
556,424,809,10/2/2023,10/16/2023,10/26/2023
557,791,217,10/12/2023,10/26/2023,
558,399,626,11/14/2023,11/28/2023,
559,527,660,9/17/2023,10/1/2023,11/10/2023
560,615,534,10/16/2023,10/30/2023,11/23/2023
561,495,565,11/3/2023,11/17/2023,
562,414,497,9/19/2023,10/3/2023,11/9/2023
563,93,746,11/19/2023,12/3/2023,
564,896,141,10/19/2023,11/2/2023,
565,549,170,9/21/2023,10/5/2023,10/12/2023
566,247,938,9/22/2023,10/6/2023,10/8/2023
567,767,342,10/15/2023,10/29/2023,
568,120,938,11/12/2023,11/26/2023,
569,580,857,9/2/2023,9/16/2023,10/5/2023
570,698,500,10/11/2023,10/25/2023,
571,981,240,9/7/2023,9/21/2023,9/23/2023
572,587,44,9/8/2023,9/22/2023,10/14/2023
573,626,758,11/18/2023,12/2/2023,
574,594,901,10/15/2023,10/29/2023,
575,117,345,10/7/2023,10/21/2023,11/15/2023
576,131,969,10/3/2023,10/17/2023,
577,533,477,9/13/2023,9/27/2023,10/30/2023
578,944,834,10/20/2023,11/3/2023,
579,358,94,9/4/2023,9/18/2023,11/6/2023
580,919,297,10/9/2023,10/23/2023,11/10/2023
581,305,281,10/8/2023,10/22/2023,
582,916,412,9/13/2023,9/27/2023,10/21/2023
583,78,348,11/11/2023,11/25/2023,
584,937,166,11/8/2023,11/22/2023,
585,223,838,9/3/2023,9/17/2023,10/12/2023
586,486,335,10/11/2023,10/25/2023,11/26/2023
587,507,950,10/24/2023,11/7/2023,12/3/2023
588,624,407,10/23/2023,11/6/2023,12/14/2023
589,614,967,9/6/2023,9/20/2023,10/11/2023
590,265,47,9/24/2023,10/8/2023,11/21/2023
591,576,399,11/15/2023,11/29/2023,
592,890,932,11/19/2023,12/3/2023,
593,612,654,10/23/2023,11/6/2023,
594,741,552,10/3/2023,10/17/2023,12/3/2023
595,140,227,10/3/2023,10/17/2023,11/24/2023
596,985,847,11/20/2023,12/4/2023,
597,150,592,10/18/2023,11/1/2023,12/7/2023
598,738,807,10/16/2023,10/30/2023,11/13/2023
599,38,475,11/1/2023,11/15/2023,
600,600,279,9/19/2023,10/3/2023,10/11/2023
601,545,397,10/24/2023,11/7/2023,12/13/2023
602,527,99,9/22/2023,10/6/2023,11/15/2023
603,141,631,9/21/2023,10/5/2023,11/24/2023
604,865,858,11/13/2023,11/27/2023,
605,136,388,10/17/2023,10/31/2023,12/1/2023
606,753,956,9/12/2023,9/26/2023,10/1/2023
607,934,481,11/2/2023,11/16/2023,
608,858,669,10/21/2023,11/4/2023,
609,387,168,9/10/2023,9/24/2023,9/25/2023
610,463,520,9/2/2023,9/16/2023,10/15/2023
611,229,724,11/23/2023,12/7/2023,
612,4,419,9/15/2023,9/29/2023,10/27/2023
613,488,428,9/7/2023,9/21/2023,10/17/2023
614,458,282,10/15/2023,10/29/2023,10/30/2023
615,628,918,9/12/2023,9/26/2023,10/25/2023
616,149,664,11/10/2023,11/24/2023,
617,677,93,10/9/2023,10/23/2023,
618,153,903,9/5/2023,9/19/2023,9/27/2023
619,406,995,11/15/2023,11/29/2023,
620,320,317,10/5/2023,10/19/2023,11/9/2023
621,152,302,9/24/2023,10/8/2023,10/29/2023
622,308,296,11/3/2023,11/17/2023,
623,877,650,11/3/2023,11/17/2023,
624,994,99,9/6/2023,9/20/2023,11/6/2023
625,461,852,9/17/2023,10/1/2023,10/13/2023
626,596,240,9/13/2023,9/27/2023,9/27/2023
627,420,620,10/8/2023,10/22/2023,
628,46,60,9/1/2023,9/15/2023,10/31/2023
629,307,381,9/24/2023,10/8/2023,11/12/2023
630,483,814,9/19/2023,10/3/2023,10/16/2023
631,381,273,9/13/2023,9/27/2023,10/25/2023
632,430,69,10/5/2023,10/19/2023,11/16/2023
633,601,691,9/2/2023,9/16/2023,10/25/2023
634,499,360,10/16/2023,10/30/2023,12/9/2023
635,274,263,9/10/2023,9/24/2023,10/10/2023
636,831,484,10/20/2023,11/3/2023,12/2/2023
637,782,311,9/24/2023,10/8/2023,11/20/2023
638,742,271,11/25/2023,12/9/2023,
639,666,140,11/1/2023,11/15/2023,
640,533,466,10/18/2023,11/1/2023,12/18/2023
641,818,827,11/3/2023,11/17/2023,
642,96,990,9/11/2023,9/25/2023,11/3/2023
643,832,738,11/3/2023,11/17/2023,
644,982,251,10/14/2023,10/28/2023,
645,458,436,9/23/2023,10/7/2023,10/10/2023
646,872,874,10/17/2023,10/31/2023,
647,844,990,11/21/2023,12/5/2023,
648,87,466,10/23/2023,11/6/2023,12/23/2023
649,746,762,11/2/2023,11/16/2023,
650,105,560,11/16/2023,11/30/2023,
651,293,587,11/2/2023,11/16/2023,
652,744,147,9/14/2023,9/28/2023,11/7/2023
653,282,45,9/1/2023,9/15/2023,9/27/2023
654,23,406,9/24/2023,10/8/2023,11/26/2023
655,394,995,11/19/2023,12/3/2023,
656,417,114,10/10/2023,10/24/2023,11/25/2023
657,850,101,11/25/2023,12/9/2023,
658,538,957,10/18/2023,11/1/2023,
659,280,36,11/10/2023,11/24/2023,
660,486,524,9/7/2023,9/21/2023,11/5/2023
661,669,114,11/6/2023,11/20/2023,
662,775,795,10/11/2023,10/25/2023,12/11/2023
663,943,367,11/20/2023,12/4/2023,
664,985,260,9/20/2023,10/4/2023,
665,929,43,10/11/2023,10/25/2023,
666,299,900,11/14/2023,11/28/2023,
667,16,159,9/1/2023,9/15/2023,10/20/2023
668,486,221,11/20/2023,12/4/2023,
669,950,892,10/25/2023,11/8/2023,
670,809,838,9/24/2023,10/8/2023,10/10/2023
671,242,997,10/2/2023,10/16/2023,
672,774,92,9/2/2023,9/16/2023,10/25/2023
673,741,347,9/2/2023,9/16/2023,10/28/2023
674,408,81,9/22/2023,10/6/2023,11/14/2023
675,380,922,9/15/2023,9/29/2023,11/9/2023
676,384,903,11/11/2023,11/25/2023,
677,225,168,11/10/2023,11/24/2023,
678,437,407,11/10/2023,11/24/2023,
679,748,296,10/15/2023,10/29/2023,11/26/2023
680,671,592,9/20/2023,10/4/2023,10/20/2023
681,165,203,11/14/2023,11/28/2023,
682,778,131,11/4/2023,11/18/2023,
683,331,3,9/1/2023,9/15/2023,10/15/2023
684,46,493,11/7/2023,11/21/2023,
685,708,22,11/20/2023,12/4/2023,
686,927,152,11/5/2023,11/19/2023,
687,971,421,10/18/2023,11/1/2023,11/15/2023
688,455,8,10/18/2023,11/1/2023,
689,692,89,9/23/2023,10/7/2023,
690,16,598,9/23/2023,10/7/2023,11/4/2023
691,685,572,9/14/2023,9/28/2023,10/31/2023
692,886,650,11/8/2023,11/22/2023,
693,915,862,11/13/2023,11/27/2023,
694,264,905,10/11/2023,10/25/2023,10/28/2023
695,566,368,9/21/2023,10/5/2023,11/16/2023
696,227,544,10/3/2023,10/17/2023,11/30/2023
697,451,899,9/20/2023,10/4/2023,11/20/2023
698,638,427,9/8/2023,9/22/2023,10/27/2023
699,3,68,9/1/2023,9/15/2023,10/23/2023
700,864,454,11/17/2023,12/1/2023,
701,87,863,10/18/2023,11/1/2023,11/24/2023
702,745,368,9/15/2023,9/29/2023,10/18/2023
703,766,529,10/18/2023,11/1/2023,
704,389,524,9/2/2023,9/16/2023,10/27/2023
705,517,690,9/20/2023,10/4/2023,10/6/2023
706,255,262,11/22/2023,12/6/2023,
707,613,442,11/1/2023,11/15/2023,
708,318,241,10/1/2023,10/15/2023,11/10/2023
709,891,227,9/14/2023,9/28/2023,10/28/2023
710,56,606,9/13/2023,9/27/2023,10/29/2023
711,994,338,11/1/2023,11/15/2023,
712,234,518,10/19/2023,11/2/2023,11/28/2023
713,532,977,10/11/2023,10/25/2023,
714,469,237,10/9/2023,10/23/2023,
715,233,17,9/8/2023,9/22/2023,11/10/2023
716,422,570,9/15/2023,9/29/2023,10/23/2023
717,540,301,9/6/2023,9/20/2023,10/9/2023
718,889,292,10/9/2023,10/23/2023,12/7/2023
719,348,234,9/23/2023,10/7/2023,11/17/2023
720,331,152,9/6/2023,9/20/2023,10/23/2023
721,180,679,9/16/2023,9/30/2023,10/28/2023
722,283,517,11/2/2023,11/16/2023,
723,881,688,10/16/2023,10/30/2023,
724,60,372,10/2/2023,10/16/2023,
725,920,740,10/23/2023,11/6/2023,
726,412,864,10/4/2023,10/18/2023,11/7/2023
727,775,803,11/25/2023,12/9/2023,
728,672,319,9/6/2023,9/20/2023,10/15/2023
729,343,330,10/24/2023,11/7/2023,
730,262,184,11/4/2023,11/18/2023,
731,182,362,9/9/2023,9/23/2023,10/29/2023
732,626,709,9/15/2023,9/29/2023,11/13/2023
733,730,975,9/18/2023,10/2/2023,11/1/2023
734,17,322,10/8/2023,10/22/2023,10/27/2023
735,67,631,9/21/2023,10/5/2023,11/5/2023
736,892,18,9/19/2023,10/3/2023,10/14/2023
737,460,555,11/12/2023,11/26/2023,
738,120,88,10/1/2023,10/15/2023,11/14/2023
739,78,861,11/6/2023,11/20/2023,
740,37,826,9/1/2023,9/15/2023,9/24/2023
741,850,817,11/5/2023,11/19/2023,
742,376,511,10/2/2023,10/16/2023,
743,694,336,9/6/2023,9/20/2023,11/5/2023
744,357,459,11/6/2023,11/20/2023,
745,605,720,9/17/2023,10/1/2023,10/5/2023
746,853,497,9/8/2023,9/22/2023,10/6/2023
747,468,938,10/21/2023,11/4/2023,12/22/2023
748,185,843,10/13/2023,10/27/2023,
749,571,773,10/2/2023,10/16/2023,11/9/2023
750,303,354,9/5/2023,9/19/2023,10/25/2023
751,990,632,10/5/2023,10/19/2023,10/22/2023
752,66,421,11/9/2023,11/23/2023,
753,917,813,11/14/2023,11/28/2023,
754,207,106,10/3/2023,10/17/2023,12/3/2023
755,981,735,10/14/2023,10/28/2023,10/30/2023
756,376,774,10/22/2023,11/5/2023,12/1/2023
757,634,26,10/4/2023,10/18/2023,
758,314,501,11/16/2023,11/30/2023,
759,678,696,10/10/2023,10/24/2023,
760,687,180,9/16/2023,9/30/2023,10/31/2023
761,267,954,10/19/2023,11/2/2023,
762,345,371,10/8/2023,10/22/2023,10/30/2023
763,261,9,9/5/2023,9/19/2023,10/17/2023
764,242,291,10/11/2023,10/25/2023,11/18/2023
765,421,890,9/12/2023,9/26/2023,10/26/2023
766,628,376,10/6/2023,10/20/2023,
767,846,197,11/20/2023,12/4/2023,
768,888,996,10/7/2023,10/21/2023,11/5/2023
769,569,784,9/14/2023,9/28/2023,9/29/2023
770,782,403,10/3/2023,10/17/2023,10/31/2023
771,175,982,10/21/2023,11/4/2023,11/10/2023
772,467,793,10/15/2023,10/29/2023,11/2/2023
773,304,520,10/1/2023,10/15/2023,
774,175,596,9/4/2023,9/18/2023,9/27/2023
775,24,355,10/18/2023,11/1/2023,
776,748,718,11/2/2023,11/16/2023,
777,15,689,11/9/2023,11/23/2023,
778,868,693,9/8/2023,9/22/2023,11/4/2023
779,694,576,9/21/2023,10/5/2023,11/15/2023
780,943,290,9/24/2023,10/8/2023,
781,634,189,11/13/2023,11/27/2023,
782,6,358,10/3/2023,10/17/2023,11/10/2023
783,630,518,11/23/2023,12/7/2023,
784,466,565,11/20/2023,12/4/2023,
785,902,973,10/15/2023,10/29/2023,
786,91,963,11/22/2023,12/6/2023,
787,727,510,10/7/2023,10/21/2023,
788,965,539,9/19/2023,10/3/2023,11/18/2023
789,879,603,11/12/2023,11/26/2023,
790,4,547,10/15/2023,10/29/2023,
791,298,741,11/22/2023,12/6/2023,
792,369,586,10/24/2023,11/7/2023,
793,943,889,11/12/2023,11/26/2023,
794,981,123,9/6/2023,9/20/2023,10/8/2023
795,468,727,11/4/2023,11/18/2023,
796,772,92,11/25/2023,12/9/2023,
797,812,975,11/11/2023,11/25/2023,
798,509,214,10/3/2023,10/17/2023,10/17/2023
799,816,314,9/13/2023,9/27/2023,10/29/2023
800,183,203,11/7/2023,11/21/2023,
801,124,788,9/19/2023,10/3/2023,10/30/2023
802,368,52,11/10/2023,11/24/2023,
803,151,30,11/10/2023,11/24/2023,
804,93,783,9/14/2023,9/28/2023,11/8/2023
805,159,564,11/23/2023,12/7/2023,
806,583,410,9/4/2023,9/18/2023,10/25/2023
807,659,194,10/15/2023,10/29/2023,11/9/2023
808,956,3,11/20/2023,12/4/2023,
809,342,427,9/13/2023,9/27/2023,11/2/2023
810,887,884,9/5/2023,9/19/2023,10/14/2023
811,377,275,9/20/2023,10/4/2023,10/13/2023
812,322,8,10/20/2023,11/3/2023,
813,571,943,9/25/2023,10/9/2023,
814,626,61,9/14/2023,9/28/2023,10/18/2023
815,344,591,9/22/2023,10/6/2023,10/15/2023
816,232,630,11/16/2023,11/30/2023,
817,466,705,11/12/2023,11/26/2023,
818,158,499,10/19/2023,11/2/2023,
819,816,416,10/25/2023,11/8/2023,
820,381,145,10/18/2023,11/1/2023,
821,683,956,10/18/2023,11/1/2023,12/3/2023
822,388,255,9/19/2023,10/3/2023,10/28/2023
823,198,409,11/3/2023,11/17/2023,
824,979,124,10/1/2023,10/15/2023,11/12/2023
825,292,676,9/9/2023,9/23/2023,10/2/2023
826,876,491,9/4/2023,9/18/2023,10/5/2023
827,924,181,10/12/2023,10/26/2023,11/20/2023
828,322,769,11/20/2023,12/4/2023,
829,114,649,11/23/2023,12/7/2023,
830,280,767,10/14/2023,10/28/2023,
831,617,293,9/17/2023,10/1/2023,11/1/2023
832,850,302,11/7/2023,11/21/2023,
833,968,539,9/23/2023,10/7/2023,10/25/2023
834,649,110,10/11/2023,10/25/2023,11/13/2023
835,555,10,9/7/2023,9/21/2023,10/26/2023
836,961,115,9/16/2023,9/30/2023,10/3/2023
837,614,634,11/7/2023,11/21/2023,
838,493,445,9/20/2023,10/4/2023,11/15/2023
839,160,4,9/11/2023,9/25/2023,10/10/2023
840,566,940,11/9/2023,11/23/2023,
841,978,13,11/2/2023,11/16/2023,
842,38,935,9/23/2023,10/7/2023,11/26/2023
843,515,117,9/16/2023,9/30/2023,10/25/2023
844,279,57,11/2/2023,11/16/2023,
845,129,394,11/14/2023,11/28/2023,
846,961,584,10/24/2023,11/7/2023,
847,643,72,9/7/2023,9/21/2023,10/9/2023
848,569,777,9/23/2023,10/7/2023,10/16/2023
849,804,210,10/1/2023,10/15/2023,10/27/2023
850,797,41,9/24/2023,10/8/2023,10/13/2023
851,370,459,9/4/2023,9/18/2023,10/30/2023
852,816,375,9/3/2023,9/17/2023,10/9/2023
853,22,200,9/9/2023,9/23/2023,10/13/2023
854,900,112,11/12/2023,11/26/2023,
855,428,706,9/23/2023,10/7/2023,11/11/2023
856,502,147,11/17/2023,12/1/2023,
857,630,821,11/22/2023,12/6/2023,
858,282,188,10/7/2023,10/21/2023,10/26/2023
859,152,623,9/12/2023,9/26/2023,10/8/2023
860,239,758,11/4/2023,11/18/2023,
861,382,659,9/6/2023,9/20/2023,11/5/2023
862,721,452,9/20/2023,10/4/2023,11/10/2023
863,821,677,11/3/2023,11/17/2023,
864,660,145,10/10/2023,10/24/2023,
865,478,451,10/17/2023,10/31/2023,
866,256,390,10/1/2023,10/15/2023,10/27/2023
867,282,760,11/15/2023,11/29/2023,
868,667,776,9/5/2023,9/19/2023,9/30/2023
869,563,529,9/17/2023,10/1/2023,11/3/2023
870,817,129,11/17/2023,12/1/2023,
871,485,99,11/6/2023,11/20/2023,
872,181,871,10/4/2023,10/18/2023,11/19/2023
873,307,409,10/22/2023,11/5/2023,
874,430,870,9/5/2023,9/19/2023,10/31/2023
875,94,886,10/2/2023,10/16/2023,12/4/2023
876,450,157,11/17/2023,12/1/2023,
877,291,592,9/10/2023,9/24/2023,11/12/2023
878,342,569,9/24/2023,10/8/2023,10/12/2023
879,858,938,9/10/2023,9/24/2023,10/17/2023
880,167,654,10/11/2023,10/25/2023,
881,249,146,11/20/2023,12/4/2023,
882,380,382,9/6/2023,9/20/2023,10/6/2023
883,988,518,11/2/2023,11/16/2023,
884,553,829,11/13/2023,11/27/2023,
885,560,72,11/23/2023,12/7/2023,
886,352,613,9/22/2023,10/6/2023,10/6/2023
887,241,165,9/19/2023,10/3/2023,10/26/2023
888,299,533,10/24/2023,11/7/2023,
889,317,647,9/14/2023,9/28/2023,9/30/2023
890,703,485,9/19/2023,10/3/2023,11/12/2023
891,503,626,10/4/2023,10/18/2023,10/26/2023
892,852,722,11/7/2023,11/21/2023,
893,527,638,11/19/2023,12/3/2023,
894,738,66,10/1/2023,10/15/2023,
895,400,85,10/5/2023,10/19/2023,10/23/2023
896,840,592,11/3/2023,11/17/2023,
897,799,602,11/9/2023,11/23/2023,
898,370,855,10/10/2023,10/24/2023,10/29/2023
899,871,27,9/1/2023,9/15/2023,10/25/2023
900,118,952,11/18/2023,12/2/2023,
901,759,242,10/6/2023,10/20/2023,12/7/2023
902,3,711,10/9/2023,10/23/2023,
903,598,721,10/10/2023,10/24/2023,11/22/2023
904,768,807,10/8/2023,10/22/2023,
905,46,761,11/8/2023,11/22/2023,
906,138,729,10/25/2023,11/8/2023,11/25/2023
907,749,311,10/2/2023,10/16/2023,11/27/2023
908,936,471,11/14/2023,11/28/2023,
909,731,445,11/17/2023,12/1/2023,
910,774,25,10/24/2023,11/7/2023,
911,901,819,10/14/2023,10/28/2023,
912,431,286,9/24/2023,10/8/2023,11/25/2023
913,849,504,9/14/2023,9/28/2023,10/27/2023
914,678,328,9/22/2023,10/6/2023,10/28/2023
915,377,14,9/7/2023,9/21/2023,9/30/2023
916,179,446,9/6/2023,9/20/2023,10/7/2023
917,405,61,9/25/2023,10/9/2023,10/20/2023
918,620,954,10/18/2023,11/1/2023,
919,922,332,11/2/2023,11/16/2023,
920,271,700,10/25/2023,11/8/2023,
921,740,418,9/14/2023,9/28/2023,10/14/2023
922,165,886,11/9/2023,11/23/2023,
923,38,123,9/4/2023,9/18/2023,10/23/2023
924,740,478,9/12/2023,9/26/2023,10/5/2023
925,915,475,9/25/2023,10/9/2023,10/24/2023
926,688,997,10/22/2023,11/5/2023,11/19/2023
927,287,429,9/20/2023,10/4/2023,10/29/2023
928,345,897,11/16/2023,11/30/2023,
929,30,33,10/22/2023,11/5/2023,
930,450,356,9/18/2023,10/2/2023,11/15/2023
931,728,872,9/18/2023,10/2/2023,11/15/2023
932,671,229,10/25/2023,11/8/2023,11/21/2023
933,349,622,11/3/2023,11/17/2023,
934,549,981,11/4/2023,11/18/2023,
935,491,39,9/24/2023,10/8/2023,11/10/2023
936,188,282,11/16/2023,11/30/2023,
937,642,218,10/24/2023,11/7/2023,
938,545,135,10/17/2023,10/31/2023,
939,456,134,10/15/2023,10/29/2023,11/11/2023
940,418,241,11/3/2023,11/17/2023,
941,628,858,11/4/2023,11/18/2023,11/18/2023
942,591,163,9/6/2023,9/20/2023,11/5/2023
943,924,96,9/14/2023,9/28/2023,10/18/2023
944,158,881,9/20/2023,10/4/2023,10/8/2023
945,713,293,11/8/2023,11/22/2023,
946,51,215,9/5/2023,9/19/2023,10/27/2023
947,603,324,10/6/2023,10/20/2023,
948,151,595,11/4/2023,11/18/2023,
949,156,640,11/19/2023,12/3/2023,
950,113,860,10/22/2023,11/5/2023,
951,556,275,11/16/2023,11/30/2023,
952,306,585,10/20/2023,11/3/2023,
953,501,107,11/16/2023,11/30/2023,
954,853,155,11/24/2023,12/8/2023,
955,806,245,9/22/2023,10/6/2023,
956,436,18,9/9/2023,9/23/2023,11/4/2023
957,948,616,11/4/2023,11/18/2023,
958,426,97,9/1/2023,9/15/2023,10/9/2023
959,100,240,10/17/2023,10/31/2023,
960,440,24,9/15/2023,9/29/2023,10/17/2023
961,874,600,11/19/2023,12/3/2023,
962,306,611,10/8/2023,10/22/2023,11/5/2023
963,825,745,9/16/2023,9/30/2023,10/6/2023
964,43,443,9/18/2023,10/2/2023,11/21/2023
965,992,939,11/19/2023,12/3/2023,
966,978,354,11/24/2023,12/8/2023,
967,726,16,10/1/2023,10/15/2023,
968,335,682,11/23/2023,12/7/2023,
969,240,768,10/10/2023,10/24/2023,
970,311,290,11/7/2023,11/21/2023,
971,759,821,10/6/2023,10/20/2023,11/16/2023
972,899,560,10/19/2023,11/2/2023,
973,417,687,9/8/2023,9/22/2023,10/17/2023
974,938,777,10/21/2023,11/4/2023,
975,756,150,11/14/2023,11/28/2023,
976,303,293,11/14/2023,11/28/2023,
977,388,188,11/2/2023,11/16/2023,12/13/2023
978,305,297,9/15/2023,9/29/2023,10/9/2023
979,667,914,11/17/2023,12/1/2023,
980,708,618,11/25/2023,12/9/2023,
981,685,644,10/16/2023,10/30/2023,10/30/2023
982,160,822,11/15/2023,11/29/2023,
983,571,478,11/19/2023,12/3/2023,
984,731,180,11/9/2023,11/23/2023,
985,767,163,11/7/2023,11/21/2023,
986,994,856,10/15/2023,10/29/2023,11/14/2023
987,484,912,10/4/2023,10/18/2023,
988,409,672,9/15/2023,9/29/2023,10/25/2023
989,618,449,10/1/2023,10/15/2023,10/24/2023
990,644,767,9/19/2023,10/3/2023,11/14/2023
991,883,400,9/9/2023,9/23/2023,11/10/2023
992,860,18,11/7/2023,11/21/2023,
993,956,279,9/20/2023,10/4/2023,10/28/2023
994,134,913,9/2/2023,9/16/2023,11/1/2023
995,744,205,11/13/2023,11/27/2023,
996,433,687,10/4/2023,10/18/2023,12/7/2023
997,67,239,11/23/2023,12/7/2023,
998,157,486,10/11/2023,10/25/2023,11/4/2023
999,757,564,11/9/2023,11/23/2023,
1000,588,80,10/25/2023,11/8/2023,
